{"cameraMode":{"drawMode":0,"name":"Shaded","section":"Shading Mode"},"sceneLighting":true,"audioPlay":false,"sceneViewState":{"showFog":true,"showMaterialUpdate":true,"showSkybox":true,"showFlares":true,"showImageEffects":true,"showParticleSystems":true},"in2DMode":false,"pivot":{"x":0.6472012996673584,"y":1.963966727256775,"z":2.7513279914855959},"rotation":{"x":-0.07479862123727799,"y":0.9223211407661438,"z":-0.2274787575006485,"w":-0.3032940626144409},"size":2.0852158069610597,"orthographic":false}