{"cameraMode":{"drawMode":0,"name":"Shaded","section":"Shading Mode"},"sceneLighting":false,"audioPlay":false,"sceneViewState":{"showFog":true,"showMaterialUpdate":true,"showSkybox":false,"showFlares":true,"showImageEffects":true,"showParticleSystems":true},"in2DMode":false,"pivot":{"x":-0.9808677434921265,"y":-0.6257383823394775,"z":-2.5209860801696779},"rotation":{"x":-0.030118264257907869,"y":0.9681132435798645,"z":-0.14365379512310029,"w":-0.20300766825675965},"size":2.0852158069610597,"orthographic":false}